{"oRykAiO0rUD++7AmPeEwUg==":"background1.jpg","4bI1g33z8+rA4AgrK9qr8w==":"279344837_1168077673966568_584763445900891537_n-2000x1500.jpg","3jFyYxCXnTe9ioSX/7mZhg==":"279150871_532115298261921_6787028872417226684_n-800x630.jpeg","Bc+Y9fSe3DmyrS1tfe1IsQ==":"279150871_532115298261921_6787028872417226684_n-1-800x630.jpeg","e7+KZT02U+FDsdw/Mh3OWQ==":"mbr-1920x1280.jpg","zBv41/idJlDnK8vWg3lmyA==":"mbr-1-1920x1280.jpg","4YJ+HP5WfQ+pDSU7qFiaSA==":"mbr-1920x1080.jpg","+6tWxm1oQSuHMoIdu53/bQ==":"279455280_1520059411723016_2182531341238537784_n-2000x1498.jpg","Ra6/t5CK1UPrlVWs4AxrhA==":"279386205_367761818649335_3374900699423385931_n-1125x750.jpg","KsD76KICFlSE92RZRDt0jQ==":"mbr-1920x1152.jpg","tytialMb/+wYCG7ZzRUCsw==":"screen%20shot%202022-05-28%20at%205.59.04%20pm-1073x888.png","pyBS8cwLn1hT2jRFt83nWQ==":"screen%20shot%202022-05-28%20at%205.59.32%20pm-1122x1158.png","dr0HXX8Adwwj5VEVjKfGAQ==":"screen%20shot%202022-05-28%20at%205.59.49%20pm-1252x934.png","1sgBCVjZ/b4NVFQ/tlQxJQ==":"screen%20shot%202022-05-28%20at%206.00.05%20pm-1252x931.png","6MyBwDT6eITB+5g/Ek6DoQ==":"screen%20shot%202022-05-28%20at%206.00.21%20pm-1252x934.png","GNkgoa0gbQ4YuLzMesmHKw==":"screen%20shot%202022-05-28%20at%206.00.53%20pm-1252x934.png","Iy3dKOlASONcu2dpty2OsA==":"screen%20shot%202022-05-28%20at%206.01.08%20pm-1252x932.png","WEQ6Zoez/Cb6UnbQcqaIig==":"screen%20shot%202022-05-28%20at%206.01.22%20pm-1252x937.png","eJ4ICCR3Xl9/P8TkBrWlmA==":"screen%20shot%202022-05-28%20at%206.01.49%20pm-1252x932.png","9prqc/maFV4i4e/oyHegNA==":"screen-shot-2022-06-04-at-9.12.22-pm-128x131.png","bIGGxL9ZI8LdGXiJ90A8fQ==":"untitled%20design%20(1)-1265x466.png","gHkIOoQh2SQ5oDBhatN/BA==":"untitled%20design%20(1)-1265x466.png","gNpZL87FWlNuwOIGsehh4Q==":"1-1080x1920.png","LKzPvzqhe71yU+GGKoB9TQ==":"mbr-681x681.jpg","iuE2kgPUf12TdqViqrL97g==":"285333409_730441208008087_5364754201979303665_n-500x500.jpg","45/omjSFyfX3/Ma5KDsPuQ==":"mbr-1076x712.jpg","Log7gsVQoLvoJbppL1jkMg==":"mbr-1076x685.jpg","XmemrYreocmP/74sxWktdA==":"mbr-1076x717.jpg","1XCvKBZlBl+Y/Tr0PZ4rfQ==":"mbr-1-1076x717.jpg","uz+4eZnS89MpJ1cKV+vy8Q==":"mbr-1380x920.jpg","ZjHCEp4F0+mXJ1T6WT596g==":"mbr-1-1076x685.jpg","80zt2yocfYrAxIwnRl1HDQ==":"mbr-2-1076x717.jpg","n6SSIDgHnsxoVcIks+3xLA==":"mbr-1920x1281.jpg","2Ca/RpFtiCJtg07prSaDwQ==":"mbr-1920x930.jpg","t2S5riq/BJf7Wc4HYA0C3g==":"mbr-1920x1024.jpg","sL8+iG9z1454247EbenSKA==":"mbr-2-1920x1280.jpg","lYPuV3UR+B19SkI1n7XaTg==":"mbr-1076x715.jpg","fbku7OKJv7OEoYZLbzdMaw==":"mbr-1-1076x715.jpg","2GzU/SUYFtEmlRb3EhU+tg==":"mbr-1456x971.jpg","/m5M5XUEkrYVIYJs0eVWgA==":"mbr-696x464.jpg","ROF9qFiOeDd/ksbv/J/Mxg==":"mbr-1-1076x712.jpg","sUmtQK+YFUyafgpbUyjy8Q==":"mbr-3-1920x1280.jpg","z6bjQ6n5tntmRqBYyKn9kQ==":"mbr-696x462.jpg","IjGkpIqpIrdzN5JE1z/+bg==":"mbr-1-696x464.jpg","SoiuslbTJckATLX/51K5Cw==":"mbr-696x461.jpg","JsENwwGY1TQSKytC2Z2cQQ==":"mbr-2-696x464.jpg","1Sj4Q0+z0iJUT+nTvL+uUQ==":"mbr-696x376.jpg","bkyCNgzGaJhW5I1LCFnQHg==":"mbr-3-696x464.jpg","DiqtIzF6OpdRr6qNZdWEww==":"mbr-4-696x464.jpg","P7Vi9qIU2YJ1cGYiyRoApw==":"mbr-5-696x464.jpg"}